{"Financials": {"n": 2629, "meanp": 0.4487314568276911, "beta": 0.07266179731112832, "alpha": -0.031736482394407656, "avg": 0.0008691517687333608, "cheap": -0.03015730337078652, "nc": 1335, "dear": 0.03833649289099527, "nd": 1055, "brier": 0.028748892734880183}, "Commodities": {"n": 1827, "meanp": 0.5384181718664477, "beta": 0.04318263565993452, "alpha": -0.029648783181347005, "avg": -0.006398467432950187, "cheap": -0.026112440191387563, "nc": 836, "dear": 0.01601239669421489, "nd": 968, "brier": 0.0035795840175150517}, "Politics": {"n": 552, "meanp": 0.36763768115942025, "beta": 0.03385870204611252, "alpha": -0.010520198475416465, "avg": 0.0019275362318840604, "cheap": -0.015468390804597703, "nc": 348, "dear": 0.018267676767676776, "nd": 198, "brier": 0.007216938405797101}, "Science and Technology": {"n": 317, "meanp": 0.6478548895899053, "beta": 0.028274003838178796, "alpha": -0.01948464406386996, "avg": -0.001167192429022077, "cheap": -0.018363636363636367, "nc": 110, "dear": 0.010970873786407775, "nd": 206, "brier": 0.005028706624605678}, "Mentions: Earnings calls": {"n": 1051, "meanp": 0.5360133206470029, "beta": 0.025270350774883488, "alpha": -0.015781210379667565, "avg": -0.0022359657469077023, "cheap": -0.014032921810699586, "nc": 486, "dear": 0.010481283422459901, "nd": 561, "brier": 0.0008267364414843005}, "Elections": {"n": 735, "meanp": 0.24328707482993195, "beta": 0.024026142399324657, "alpha": -0.01920035194459542, "avg": -0.013355102040816323, "cheap": -0.01928113879003559, "nc": 562, "dear": 0.003588235294117658, "nd": 170, "brier": 0.004692141496598639}, "Crypto": {"n": 20687, "meanp": 0.438581524628994, "beta": 0.023724325071523777, "alpha": -0.023985366801234136, "avg": -0.013580316140571369, "cheap": -0.020308199566160524, "nc": 11525, "dear": 0.00510944083817334, "nd": 8781, "brier": 0.01071656112534442}, "Mentions: Media/public figures": {"n": 1525, "meanp": 0.4178360655737705, "beta": 0.022881328152378755, "alpha": -0.013626217900784091, "avg": -0.0040655737704918, "cheap": -0.012767154105736783, "nc": 889, "dear": 0.010888888888888898, "nd": 630, "brier": 0.0012177049180327872}, "Mentions: Politicians/officials": {"n": 565, "meanp": 0.5051681415929202, "beta": 0.022008176689036985, "alpha": -0.011861192549707845, "avg": -0.0007433628318584028, "cheap": -0.010860215053763441, "nc": 279, "dear": 0.01038596491228071, "nd": 285, "brier": 0.0003522123893805311}, "Climate and Weather": {"n": 4329, "meanp": 0.2641256641256641, "beta": 0.012298923434177045, "alpha": -0.014428872500493883, "avg": -0.011180411180411179, "cheap": -0.01313204005006258, "nc": 3196, "dear": 0.0013528336380256043, "nd": 1094, "brier": 0.0063987987987987995}, "Economics": {"n": 1502, "meanp": 0.5407789613848203, "beta": -0.03109974130637272, "alpha": -0.005984843624433262, "avg": -0.022802929427430094, "cheap": 0.002504201680672263, "nc": 595, "dear": -0.03702216066481994, "nd": 722, "brier": 0.07542416777629826}, "Entertainment": {"n": 2670, "meanp": 0.3026704119850187, "beta": -0.05008635987996546, "alpha": -0.020469554303447, "avg": -0.03562921348314606, "cheap": -0.01418032786885246, "nc": 1830, "dear": -0.04221458046767536, "nd": 727, "brier": 0.03379696629213483}}