{"Mentions: Politicians/officials": {"n": 437, "meanp": 0.431254004576659, "beta": 0.02679848609505453, "alpha": -0.017181668403894245, "avg_ret": -0.005624713958810065, "cheap_ret": -0.01589558232931727, "n_cheap": 249, "dear_ret": 0.009518716577540115, "n_dear": 187}, "Mentions: Earnings calls": {"n": 1051, "meanp": 0.5360133206470029, "beta": 0.025270350774883488, "alpha": -0.015781210379667565, "avg_ret": -0.0022359657469077023, "cheap_ret": -0.014032921810699586, "n_cheap": 486, "dear_ret": 0.010481283422459901, "n_dear": 561}, "Economics": {"n": 33608, "meanp": 0.40973408117114973, "beta": 0.024271477748957437, "alpha": -0.035365674057367645, "avg_ret": -0.025420822423232563, "cheap_ret": -0.023430260905648637, "n_cheap": 19279, "dear_ret": 0.0038028595850493527, "n_dear": 12869}, "Politics": {"n": 33506, "meanp": 0.40934647525816276, "beta": 0.024182365468623512, "alpha": -0.03516497812552767, "avg_ret": -0.02526601205754193, "cheap_ret": -0.02337640332640333, "n_cheap": 19240, "dear_ret": 0.0037801435033536206, "n_dear": 12822}, "Financials": {"n": 33504, "meanp": 0.4093407652817574, "beta": 0.02418144171330394, "alpha": -0.035165671680799836, "avg_ret": -0.02526722182425979, "cheap_ret": -0.023376578824263215, "n_cheap": 19239, "dear_ret": 0.003779658372981836, "n_dear": 12821}, "Companies": {"n": 33504, "meanp": 0.4093407652817574, "beta": 0.02418144171330394, "alpha": -0.035165671680799836, "avg_ret": -0.02526722182425979, "cheap_ret": -0.023376578824263215, "n_cheap": 19239, "dear_ret": 0.003779658372981836, "n_dear": 12821}, "Climate and Weather": {"n": 33504, "meanp": 0.4093407652817574, "beta": 0.02418144171330394, "alpha": -0.035165671680799836, "avg_ret": -0.02526722182425979, "cheap_ret": -0.023376578824263215, "n_cheap": 19239, "dear_ret": 0.003779658372981836, "n_dear": 12821}, "Entertainment": {"n": 33502, "meanp": 0.4093061011282908, "beta": 0.02417799531064957, "alpha": -0.03516552819804608, "avg_ret": -0.02526932720434601, "cheap_ret": -0.023376578824263215, "n_cheap": 19239, "dear_ret": 0.0037786878851704597, "n_dear": 12819}, "Science and Technology": {"n": 33502, "meanp": 0.4093061011282908, "beta": 0.02417799531064957, "alpha": -0.03516552819804608, "avg_ret": -0.02526932720434601, "cheap_ret": -0.023376578824263215, "n_cheap": 19239, "dear_ret": 0.0037786878851704597, "n_dear": 12819}, "Mentions: Media/public figures": {"n": 16142, "meanp": 0.4162015859249163, "beta": 0.019208036296705977, "alpha": -0.01990904780455355, "avg_ret": -0.011914632635361168, "cheap_ret": -0.017305424528301888, "n_cheap": 9328, "dear_ret": 0.0032930368997993, "n_dear": 6477}}